,Tweet_ID,Date,User_Id,Location
0,1598011303314214913,2022-11-30 17:49:18+00:00,1569752085868036096,
1,1597980559057489920,2022-11-30 15:47:08+00:00,860547074860908548,
2,1597980556482195456,2022-11-30 15:47:08+00:00,860547074860908548,
3,1597943919182237696,2022-11-30 13:21:33+00:00,1210869916871483392,"Albuquerque, NM"
4,1597819968154128384,2022-11-30 05:09:01+00:00,1589290007616970757,"Ede, Osogbo"
5,1597751269976059904,2022-11-30 00:36:02+00:00,1443438090245185539,
6,1597736973367930887,2022-11-29 23:39:13+00:00,1241790426811695104,
7,1597723734814519296,2022-11-29 22:46:37+00:00,55491237,"Echo Park, CA"
8,1597600359387893760,2022-11-29 14:36:22+00:00,818272627,
9,1597528544980381696,2022-11-29 09:51:00+00:00,1586470117264818181,
10,1597460589588410368,2022-11-29 05:20:58+00:00,960817018193764352,"Oxford, England"
11,1597427171236057088,2022-11-29 03:08:11+00:00,963031213,"Vienna, Austria"
12,1597413764957339648,2022-11-29 02:14:54+00:00,1468832913395441664,
13,1597391202948894720,2022-11-29 00:45:15+00:00,2780405421,Planet A
14,1597364864837718020,2022-11-28 23:00:36+00:00,4102013897,"Arkham, MA"
15,1597326426948399104,2022-11-28 20:27:51+00:00,1518680852603015170,"Houston, TX"
16,1597325888659820550,2022-11-28 20:25:43+00:00,1512404139778752512,
17,1597308299481079809,2022-11-28 19:15:49+00:00,1518680852603015170,"Houston, TX"
18,1597292812956884993,2022-11-28 18:14:17+00:00,1680417836,Espa√±a
19,1597277199861952513,2022-11-28 17:12:15+00:00,1310230387621326848,
20,1597271404264968192,2022-11-28 16:49:13+00:00,1518680852603015170,"Houston, TX"
21,1597265055883853824,2022-11-28 16:23:59+00:00,1518680852603015170,"Houston, TX"
22,1597260419043045376,2022-11-28 16:05:34+00:00,1310230387621326848,
23,1597139216542371840,2022-11-28 08:03:57+00:00,1437318436611362817,
24,1597090349301702658,2022-11-28 04:49:46+00:00,902828579565838337,Tanzania
25,1596909850126340096,2022-11-27 16:52:32+00:00,1487744784768942081,Zum Teufel mit der #Maskenpfli
26,1596890643070353413,2022-11-27 15:36:12+00:00,1310230387621326848,
27,1596882058252804098,2022-11-27 15:02:05+00:00,34592908,Boston area
28,1596865659220426753,2022-11-27 13:56:56+00:00,861755090,"Seattle, WA"
29,1596863796903284737,2022-11-27 13:49:32+00:00,1582693136165388289,Dystopia
30,1596624994066481152,2022-11-26 22:00:37+00:00,4102013897,"Arkham, MA"
31,1596624654126530560,2022-11-26 21:59:16+00:00,1415037731793743874,
32,1596591754022916096,2022-11-26 19:48:32+00:00,1220902474913144832,
33,1596493073667817476,2022-11-26 13:16:24+00:00,935147383285010432,
34,1596483125714251778,2022-11-26 12:36:53+00:00,15193667,Êñ∞ÊΩüÁúå‰ΩêÊ∏°Â∏Ç
35,1596418730854338560,2022-11-26 08:21:00+00:00,1454928335054819330,world wide+Gloucs
36,1596362772706648064,2022-11-26 04:38:38+00:00,1587434068681048064,Canada
37,1596352894420520960,2022-11-26 03:59:23+00:00,1220902474913144832,
38,1596290145069981696,2022-11-25 23:50:02+00:00,219510054,Kaurna Country South Australia
39,1596281209625399296,2022-11-25 23:14:32+00:00,397328143,"Lausanne, Switzerland"
40,1596277707775823873,2022-11-25 23:00:37+00:00,4102013897,"Arkham, MA"
41,1596200020470296576,2022-11-25 17:51:55+00:00,271053549,"New York, NY"
42,1596178695534051329,2022-11-25 16:27:11+00:00,984728556625453056,
43,1596174877597503489,2022-11-25 16:12:00+00:00,1374549377818169345,United States
44,1596166332424556544,2022-11-25 15:38:03+00:00,19042993,"North Vancouver, BC"
45,1596118542835146752,2022-11-25 12:28:09+00:00,546025427,his excellency / yang mulia
46,1596100867568336898,2022-11-25 11:17:55+00:00,962681528,Europe
47,1596067472876118017,2022-11-25 09:05:13+00:00,1216047747243094017,New york
48,1595853556334075906,2022-11-24 18:55:12+00:00,20223562,La La Land 
49,1595816507300515840,2022-11-24 16:27:58+00:00,1238913253415288838,"Ontario, Canada"
50,1595795993349722112,2022-11-24 15:06:27+00:00,19982335,London & Falkirk
51,1595789159859458054,2022-11-24 14:39:18+00:00,52695440,
52,1595783685793529857,2022-11-24 14:17:33+00:00,19982335,London & Falkirk
53,1595778713710637057,2022-11-24 13:57:48+00:00,19982335,London & Falkirk
54,1595776639275003904,2022-11-24 13:49:33+00:00,19982335,London & Falkirk
55,1595770119766032385,2022-11-24 13:23:39+00:00,19982335,London & Falkirk
56,1595765462360641542,2022-11-24 13:05:08+00:00,230563995,Azimuth -SPOOKY ISLAND
57,1595734126920728577,2022-11-24 11:00:37+00:00,4102013897,"Arkham, MA"
58,1595610387617288192,2022-11-24 02:48:56+00:00,1264040162331254784,Êù±‰∫¨ Êñá‰∫¨Âå∫
59,1595490855158272001,2022-11-23 18:53:57+00:00,1222879367119937537,Austria
60,1595457396486324225,2022-11-23 16:41:00+00:00,956522419,The Finger Lakes Region in NY
61,1595404258136006657,2022-11-23 13:09:50+00:00,425128471,
62,1595356645961392128,2022-11-23 10:00:39+00:00,4102013897,"Arkham, MA"
63,1595326492795232256,2022-11-23 08:00:50+00:00,20170584,Worldwide
64,1595300234522935300,2022-11-23 06:16:29+00:00,968787469578711041,"Kampala, Uganda"
65,1595295834006257669,2022-11-23 05:59:00+00:00,1524190801655664640,
66,1595295122023133184,2022-11-23 05:56:10+00:00,3358563563,"Abuja, Nigeria"
67,1595283834597429248,2022-11-23 05:11:19+00:00,1524190801655664640,
68,1595257345780682753,2022-11-23 03:26:04+00:00,140750890,
69,1595179096178401284,2022-11-22 22:15:08+00:00,1484974276574855173,Coastal NC
70,1595157793597947904,2022-11-22 20:50:29+00:00,1394656148884701185,
71,1595082007524278272,2022-11-22 15:49:20+00:00,247142943,Canada
72,1595070061680656385,2022-11-22 15:01:52+00:00,92501611,"Toronto, Ontario, Canada"
73,1595054754337783808,2022-11-22 14:01:02+00:00,2320381411,Mumbai
74,1595024888384966656,2022-11-22 12:02:22+00:00,388774547,
75,1594943711690924032,2022-11-22 06:39:48+00:00,1590232731891343360,"Chokaa, along Kangundo Road, "
76,1594882975589715968,2022-11-22 02:38:27+00:00,1482861078,
77,1594873177288724480,2022-11-22 01:59:31+00:00,794528051602157569,"Granbury, TX"
78,1594861309040156674,2022-11-22 01:12:21+00:00,1500343433025982464,
79,1594859097266036737,2022-11-22 01:03:34+00:00,3309206583,
80,1594808170681143296,2022-11-21 21:41:12+00:00,69425160,"Miami, FL"
81,1594788112991154176,2022-11-21 20:21:30+00:00,1487744784768942081,Zum Teufel mit der #Maskenpfli
82,1594768338445639680,2022-11-21 19:02:55+00:00,1585807847048232961,"Woo, WooWoo"
83,1594735220372246529,2022-11-21 16:51:19+00:00,1587434068681048064,Canada
84,1594707749182787585,2022-11-21 15:02:10+00:00,1475469171530076167,
85,1594649496591515648,2022-11-21 11:10:41+00:00,898168647360946176,"Ibanda, Uganda"
86,1594626128278441985,2022-11-21 09:37:50+00:00,580957462,"Kampala, Uganda"
87,1594473348687355906,2022-11-20 23:30:44+00:00,1391984453787045889,ŸÅŸä ÿßŸÑŸÖÿ≥ÿÆŸÖÿ∑ÿ©
88,1594414473019887616,2022-11-20 19:36:47+00:00,1451544422324256773,Throughout the United States
89,1594396415769329667,2022-11-20 18:25:02+00:00,2337150512,
90,1594368915613913090,2022-11-20 16:35:46+00:00,1518483122974871553,
91,1594360017918087170,2022-11-20 16:00:24+00:00,198496513,
92,1594318469079629825,2022-11-20 13:15:18+00:00,1302925613611745281,
93,1594292354676133889,2022-11-20 11:31:32+00:00,1492578187959840775,
94,1594292336498024453,2022-11-20 11:31:28+00:00,1343865805851791362,
95,1594285515288858624,2022-11-20 11:04:21+00:00,1565425381364191237,
96,1594158593376337920,2022-11-20 02:40:01+00:00,1426243142723031040,
97,1594036389766901761,2022-11-19 18:34:25+00:00,151257881,"Ontario, Canada"
98,1594035113100251138,2022-11-19 18:29:21+00:00,2868241610,"Flint, MI, USA"
99,1594032673835589632,2022-11-19 18:19:39+00:00,388774547,
100,1594001793494568960,2022-11-19 16:16:57+00:00,29297242,
101,1593986255901327361,2022-11-19 15:15:12+00:00,1481974716168552450, info@pims-hub.org.uk
102,1593942980804632576,2022-11-19 12:23:15+00:00,3224242123,Oxfordüá¨üáßüá¶üá∫üè¥Û†ÅßÛ†Å¢Û†Å≥Û†Å£Û†Å¥Û†Åø
103,1593942338983927809,2022-11-19 12:20:42+00:00,1512404139778752512,
104,1593801628469104641,2022-11-19 03:01:34+00:00,130523092,London and Oxford
105,1593760289236860928,2022-11-19 00:17:18+00:00,404020377,London UK
106,1593747347539836928,2022-11-18 23:25:52+00:00,996892649301868550,"Hibbing, Minnesota"
107,1593695604307288064,2022-11-18 20:00:16+00:00,975823206866210816,
108,1593599405818580992,2022-11-18 13:38:00+00:00,388774547,
109,1593598287415681024,2022-11-18 13:33:34+00:00,388774547,
110,1593589310405632000,2022-11-18 12:57:53+00:00,2188819043,Nigeria
111,1593578533430956033,2022-11-18 12:15:04+00:00,898902232636284928,"Tooting, London, UK"
112,1593494599015796737,2022-11-18 06:41:32+00:00,968787469578711041,"Kampala, Uganda"
113,1593469604268998656,2022-11-18 05:02:13+00:00,1166045747588059137,
114,1593411651658661893,2022-11-18 01:11:56+00:00,1238467774042775553,$
115,1593329287511396352,2022-11-17 19:44:39+00:00,48655327,"Appleton, WI"
116,1593318227244978178,2022-11-17 19:00:42+00:00,4102013897,"Arkham, MA"
117,1593303494773047301,2022-11-17 18:02:09+00:00,2233541276,"Philadelphia, PA"
118,1593250368129204227,2022-11-17 14:31:03+00:00,1120259639923421184,"UK-wide, worldwide"
119,1593212564259098625,2022-11-17 12:00:50+00:00,1525774218620768257,
120,1593191676478369793,2022-11-17 10:37:50+00:00,1344853357064699905,North Rocks
121,1593182439307972609,2022-11-17 10:01:08+00:00,1407429338652348420,"Berlin, Germany"
122,1593107675977768960,2022-11-17 05:04:03+00:00,258960339,Espa√±a
123,1593064021267447808,2022-11-17 02:10:35+00:00,1586213787690045443,
124,1592946351611858944,2022-11-16 18:23:00+00:00,1427431852919382018,
125,1592931221855608832,2022-11-16 17:22:53+00:00,3174996656,Ethiopia
126,1592898634839982081,2022-11-16 15:13:23+00:00,971395708090814464,"Chicago, IL"
127,1592895443813519361,2022-11-16 15:00:43+00:00,4102013897,"Arkham, MA"
128,1592849966397104131,2022-11-16 12:00:00+00:00,38489678,"Chicago, IL"
129,1592785618026758144,2022-11-16 07:44:18+00:00,1501270744394784770,
130,1592757244583899137,2022-11-16 05:51:33+00:00,138418838,CA | AM | AUNZ | UK | IE | HIV
131,1592711966661173248,2022-11-16 02:51:38+00:00,131489001,Korea(ÎåÄÌïúÎØºÍµ≠)
132,1592623084947017728,2022-11-15 20:58:27+00:00,133444325,Canada
133,1592591232353853440,2022-11-15 18:51:53+00:00,896719976337477633,
134,1592556555215724544,2022-11-15 16:34:05+00:00,898168647360946176,"Ibanda, Uganda"
135,1592555048407814145,2022-11-15 16:28:06+00:00,580957462,"Kampala, Uganda"
136,1592512024944443392,2022-11-15 13:37:08+00:00,1519295884890042368,
137,1592392897814753281,2022-11-15 05:43:46+00:00,881866704241950720,
138,1592344940637749254,2022-11-15 02:33:12+00:00,1389537717524996096,
139,1592285507723173888,2022-11-14 22:37:02+00:00,1487674614759112705,USA
140,1592279079268790277,2022-11-14 22:11:30+00:00,1548360301241700360,"New York, USA"
141,1592275611229487104,2022-11-14 21:57:43+00:00,1478615384244817920,
142,1592268790641065984,2022-11-14 21:30:37+00:00,1590914767849680899,
143,1592251497353719810,2022-11-14 20:21:54+00:00,369090663,
144,1592160744401166336,2022-11-14 14:21:17+00:00,837674417878609922,UK wide
145,1592145571321876482,2022-11-14 13:20:59+00:00,388774547,
146,1592124915490197506,2022-11-14 11:58:54+00:00,1548893671868751878,
147,1592055267679928321,2022-11-14 07:22:09+00:00,1563121138988769280,
148,1591938241284169728,2022-11-13 23:37:08+00:00,896719976337477633,
149,1591913983740678145,2022-11-13 22:00:44+00:00,4102013897,"Arkham, MA"
150,1591862724413501440,2022-11-13 18:37:03+00:00,1330266094850945029,
151,1591861540437000192,2022-11-13 18:32:21+00:00,1330375637312413702,
152,1591822975921274880,2022-11-13 15:59:06+00:00,1954817822,
153,1591777972695990273,2022-11-13 13:00:17+00:00,1394924473804001282,"Shannon, Ireland"
154,1591741648471744513,2022-11-13 10:35:56+00:00,388774547,
155,1591439925584560128,2022-11-12 14:37:00+00:00,747854342334480385,
156,1591410344647602176,2022-11-12 12:39:27+00:00,1977080570,"Montreal, Canada"
157,1591287837194059776,2022-11-12 04:32:39+00:00,1448445516040257538,
158,1591250517929627650,2022-11-12 02:04:22+00:00,1415554609410547715,naarm
159,1591219568936034304,2022-11-12 00:01:23+00:00,50178238,"Toronto, Ontario"
160,1591169626503000064,2022-11-11 20:42:56+00:00,164628936, Italy ( 43rd Parallel North)
161,1591047659434942466,2022-11-11 12:38:16+00:00,1100423334972538881,"Massachusetts, USA"
162,1591030482237620224,2022-11-11 11:30:01+00:00,420574055,Wellcome Genome Campus
163,1590976757754400768,2022-11-11 07:56:32+00:00,397328143,"Lausanne, Switzerland"
164,1590873308178051073,2022-11-11 01:05:28+00:00,1357088872237301764,
165,1590776253896085504,2022-11-10 18:39:48+00:00,1590745768792670208,
166,1590721131673108480,2022-11-10 15:00:46+00:00,4102013897,"Arkham, MA"
167,1590688962661621760,2022-11-10 12:52:56+00:00,1587434068681048064,Canada
168,1590680321452052480,2022-11-10 12:18:36+00:00,947191042700402689,
169,1590572476345769988,2022-11-10 05:10:04+00:00,138418838,CA | AM | AUNZ | UK | IE | HIV
170,1590484470859468800,2022-11-09 23:20:22+00:00,1218069031,"Melbourne, Australia"
171,1590465310070824960,2022-11-09 22:04:13+00:00,1271550759985795073,
172,1590438576076062721,2022-11-09 20:18:00+00:00,732952291,"Thorofare, NJ"
173,1590423902488244225,2022-11-09 19:19:41+00:00,1229151795965984768,
174,1590420716205359106,2022-11-09 19:07:01+00:00,251513571,"Norwich, England"
175,1590407576185077761,2022-11-09 18:14:49+00:00,1329181718570553345,Deutschland (Germany)
176,1590319402591072258,2022-11-09 12:24:26+00:00,304461349,"Dublin, Ireland"
177,1590310745119412225,2022-11-09 11:50:02+00:00,1148701339,"London, UK"
178,1590170803991375872,2022-11-09 02:33:58+00:00,1349871111610261504,
179,1590109082777976832,2022-11-08 22:28:42+00:00,1585821681070678017,USA
180,1590097310876590081,2022-11-08 21:41:56+00:00,1240217909089034245,
181,1590095462685868034,2022-11-08 21:34:35+00:00,1453706265046179844,
182,1590062480361164800,2022-11-08 19:23:31+00:00,115085178,"Atlanta, GA"
183,1589966421194334209,2022-11-08 13:01:49+00:00,271310658,Western Cape Province
184,1589938477545553921,2022-11-08 11:10:47+00:00,18600442,Europe/Switzerland
185,1589815808322318336,2022-11-08 03:03:20+00:00,357466934,"Indianapolis, IN"
186,1589758636058083328,2022-11-07 23:16:09+00:00,360220091,United States
187,1589753221278765058,2022-11-07 22:54:38+00:00,1491656425927446529,"California, USA"
188,1589736515009413120,2022-11-07 21:48:15+00:00,217493678,
189,1589715799597629440,2022-11-07 20:25:56+00:00,1270217997190340610,Look here üëâ
190,1589713568664268801,2022-11-07 20:17:04+00:00,732952291,"Thorofare, NJ"
191,1589713457594572800,2022-11-07 20:16:38+00:00,1271686381505581056,United States
192,1589683937374539777,2022-11-07 18:19:20+00:00,38529570,Massachusetts
193,1589679385023770626,2022-11-07 18:01:14+00:00,2542374191,
194,1589633373391446016,2022-11-07 14:58:24+00:00,943634723770961920,
195,1589629511330844673,2022-11-07 14:43:04+00:00,14801430,Singapore
196,1589618877004218368,2022-11-07 14:00:48+00:00,4102013897,"Arkham, MA"
197,1589569977853648897,2022-11-07 10:46:30+00:00,1080751926415949825,
198,1589567705010802689,2022-11-07 10:37:28+00:00,2754484003,"Stockholm, Sweden"
199,1589525020573069317,2022-11-07 07:47:51+00:00,1588582029419057156,
200,1589524063151456256,2022-11-07 07:44:03+00:00,160525840,Home üòä
201,1589381606732857344,2022-11-06 22:17:58+00:00,836667730879197185,
202,1589364721982898178,2022-11-06 21:10:53+00:00,950048242686930945,"London, England"
203,1589364266444161025,2022-11-06 21:09:04+00:00,1320195379099385856,
204,1589360537976320000,2022-11-06 20:54:15+00:00,341771044,"Auckland, New Zealand"
205,1589358998188609537,2022-11-06 20:48:08+00:00,40724979,
206,1589276187486216193,2022-11-06 15:19:05+00:00,2790330776,
207,1589274542945730560,2022-11-06 15:12:32+00:00,1093161947669954560,
208,1589272302180786184,2022-11-06 15:03:38+00:00,1551942655256543232,Azerbaijan.050-511-28-08
209,1589271494584111104,2022-11-06 15:00:26+00:00,198496513,
210,1589269866934308865,2022-11-06 14:53:58+00:00,14501713,
211,1589252239730044929,2022-11-06 13:43:55+00:00,1588582029419057156,
212,1589231303173472259,2022-11-06 12:20:43+00:00,1251454090707718144,
213,1588987112933625856,2022-11-05 20:10:24+00:00,1487744784768942081,Zum Teufel mit der #Maskenpfli
214,1588950416837984261,2022-11-05 17:44:35+00:00,1359398870199992320,"Durham, NC"
215,1588932841974665216,2022-11-05 16:34:45+00:00,1911502220,"Hamilton, Ontario, Canada"
216,1588848786058649600,2022-11-05 11:00:44+00:00,1241102066677952512,
217,1588830366495899649,2022-11-05 09:47:33+00:00,1498778267691753477,
218,1588771930735521793,2022-11-05 05:55:20+00:00,1222879367119937537,Austria
219,1588718879530188800,2022-11-05 02:24:32+00:00,384557072,New York State
220,1588691807726370816,2022-11-05 00:36:58+00:00,29297242,
221,1588593719816507393,2022-11-04 18:07:12+00:00,517997264,The Midwest
222,1588581471329165320,2022-11-04 17:18:31+00:00,227429355,"Pittsburgh, Baltimore, NYC"
223,1588569766218043393,2022-11-04 16:32:01+00:00,1547985488,"Nevada, USA"
224,1588513583293337600,2022-11-04 12:48:46+00:00,65167670,SouthEast USA
225,1588369659761659904,2022-11-04 03:16:52+00:00,1087871432820969474,
226,1588339674464256006,2022-11-04 01:17:42+00:00,38529570,Massachusetts
227,1588332733302030337,2022-11-04 00:50:08+00:00,1464949310123085826,United Kingdom
228,1588290855638401025,2022-11-03 22:03:43+00:00,873009476403699713,
229,1588260395491655680,2022-11-03 20:02:41+00:00,1585425206042058752,
230,1588156541005438979,2022-11-03 13:10:00+00:00,194586164,"New York, Paris"
231,1588155754795630601,2022-11-03 13:06:53+00:00,304461349,"Dublin, Ireland"
232,1588150403039989760,2022-11-03 12:45:37+00:00,778155530,Ireland
233,1588104953318592513,2022-11-03 09:45:01+00:00,91334232,Dublin
234,1588097548492963843,2022-11-03 09:15:35+00:00,1546826048289099778,Stati Uniti
235,1588094299950010368,2022-11-03 09:02:41+00:00,388774547,
236,1588084937244266498,2022-11-03 08:25:28+00:00,1510314186714324997,
237,1588083790966038533,2022-11-03 08:20:55+00:00,1259627436045504512,New York USA
238,1588070976922783744,2022-11-03 07:30:00+00:00,91334232,Dublin
239,1587963736303730688,2022-11-03 00:23:52+00:00,1574796702514663425,"New York, NY"
240,1587920025188532225,2022-11-02 21:30:10+00:00,1487744784768942081,Zum Teufel mit der #Maskenpfli
241,1587867351394951168,2022-11-02 18:00:52+00:00,1244499216,"Washington, DC"
242,1587820468199100417,2022-11-02 14:54:34+00:00,2942053100,
243,1587818202280742912,2022-11-02 14:45:34+00:00,185663478,"Chicago, IL"
244,1587733113354047489,2022-11-02 09:07:27+00:00,514485754,Canada
245,1587699624004833280,2022-11-02 06:54:23+00:00,182346856,"Neu-Taipeh Stadt, Taiwan"
246,1587665935506309120,2022-11-02 04:40:31+00:00,921400462838042624,"Cold Spring Harbor, NY"
247,1587628928277037056,2022-11-02 02:13:27+00:00,517997264,The Midwest
248,1587618218058940416,2022-11-02 01:30:54+00:00,620608820,
249,1587540292634304512,2022-11-01 20:21:15+00:00,902828579565838337,Tanzania
250,1587535457247809538,2022-11-01 20:02:02+00:00,971744100943843328,"Michigan, USA"
251,1587523955488968706,2022-11-01 19:16:20+00:00,783592612376748032,garissa
252,1587518706300731392,2022-11-01 18:55:28+00:00,1486806116059201537,
253,1587469141186846720,2022-11-01 15:38:31+00:00,1357088872237301764,
254,1587446426891702274,2022-11-01 14:08:16+00:00,388774547,
255,1587442677053763585,2022-11-01 13:53:22+00:00,1491656425927446529,"California, USA"
256,1587440101596041217,2022-11-01 13:43:08+00:00,68256895,
257,1587430298106617860,2022-11-01 13:04:10+00:00,388774547,
258,1587429518423228417,2022-11-01 13:01:04+00:00,388774547,
259,1587428645940903939,2022-11-01 12:57:36+00:00,4017404229,Proxima b 
260,1587427465391112194,2022-11-01 12:52:55+00:00,388774547,
261,1587426590551580672,2022-11-01 12:49:26+00:00,388774547,
262,1587424753220026368,2022-11-01 12:42:08+00:00,388774547,
263,1587422404275539968,2022-11-01 12:32:48+00:00,388774547,
264,1587421779366232065,2022-11-01 12:30:19+00:00,388774547,
265,1587376928956108801,2022-11-01 09:32:06+00:00,1487744784768942081,Zum Teufel mit der #Maskenpfli
266,1587275895827582977,2022-11-01 02:50:38+00:00,1020056580581150720,"New York, USA"
267,1587260848023556096,2022-11-01 01:50:50+00:00,1394938797960286208,"Arizona, USA"
268,1587206084653195264,2022-10-31 22:13:14+00:00,1487744784768942081,Zum Teufel mit der #Maskenpfli
269,1587131982642905090,2022-10-31 17:18:46+00:00,1478379869805371395,
270,1587130584668770305,2022-10-31 17:13:13+00:00,16308922,
271,1587106079883890691,2022-10-31 15:35:51+00:00,1011262274210803717,Terre
272,1586969835174789120,2022-10-31 06:34:27+00:00,15193667,Êñ∞ÊΩüÁúå‰ΩêÊ∏°Â∏Ç
273,1586871812947836929,2022-10-31 00:04:57+00:00,802982833346187264,"Maryland, USA"
274,1586846348355276801,2022-10-30 22:23:46+00:00,1487744784768942081,Zum Teufel mit der #Maskenpfli
275,1586845807147458560,2022-10-30 22:21:37+00:00,1487744784768942081,Zum Teufel mit der #Maskenpfli
276,1586842504162418689,2022-10-30 22:08:29+00:00,1487744784768942081,Zum Teufel mit der #Maskenpfli
277,1586824461562568705,2022-10-30 20:56:48+00:00,1436684782038040577,"England, United Kingdom"
278,1586795257886552064,2022-10-30 19:00:45+00:00,1578217484322500608,New Canada
279,1586752588296306689,2022-10-30 16:11:12+00:00,1261344432,
280,1586610875745636352,2022-10-30 06:48:05+00:00,1249389236341673984,
281,1586542415950716928,2022-10-30 02:16:03+00:00,1479195163037741061,Everywhere
282,1586461886584950784,2022-10-29 20:56:03+00:00,1486806116059201537,
283,1586380093177614336,2022-10-29 15:31:02+00:00,1210869916871483392,"Albuquerque, NM"
284,1586375208675393536,2022-10-29 15:11:37+00:00,1432509315705933826,
285,1586372943772270592,2022-10-29 15:02:37+00:00,100999703,
286,1586229010404499456,2022-10-29 05:30:41+00:00,50368760,
287,1586192391190761477,2022-10-29 03:05:10+00:00,119636026,M√©xicoüíô
288,1586097009345314817,2022-10-28 20:46:09+00:00,1080751926415949825,
289,1586092066177679360,2022-10-28 20:26:31+00:00,2754484003,"Stockholm, Sweden"
290,1586076001540325376,2022-10-28 19:22:41+00:00,22959451,"Rapid City, SD"
291,1586058810258378752,2022-10-28 18:14:22+00:00,378812316,
292,1586036015537557504,2022-10-28 16:43:47+00:00,1132669753456287744,
293,1585993493205241856,2022-10-28 13:54:49+00:00,280369390,"Perth, Western Australia"
294,1585977909788884992,2022-10-28 12:52:54+00:00,2866883358,PHL
295,1585930383216214016,2022-10-28 09:44:03+00:00,900590952196198400,Albuquerque
296,1585904067779645441,2022-10-28 07:59:29+00:00,1334784108409589765,"Stockholm, Sverige"
297,1585825542506422272,2022-10-28 02:47:27+00:00,1560091570967384066,
298,1585723024564707328,2022-10-27 20:00:05+00:00,198496513,
299,1585636163557109760,2022-10-27 14:14:55+00:00,900442180493471746,"Ohio, USA"
300,1585502162339110912,2022-10-27 05:22:27+00:00,375757860,"Conroe, Texas"
301,1585393392921456640,2022-10-26 22:10:14+00:00,1479615282620424193,
302,1585333865815904257,2022-10-26 18:13:42+00:00,979008073548345345,"Girl from Bunyonyi, Kabale "
303,1585329754558713858,2022-10-26 17:57:22+00:00,1569400183586451456,
304,1585306211637157888,2022-10-26 16:23:49+00:00,271053549,"New York, NY"
305,1585293894362615809,2022-10-26 15:34:52+00:00,1349498849262354439,Who cares...
306,1585275585915486270,2022-10-26 14:22:07+00:00,4212939378,
307,1585196762616111104,2022-10-26 09:08:54+00:00,1569513604680134665,
308,1585175781734764544,2022-10-26 07:45:32+00:00,285254732,"South East, England"
309,1585126590156898304,2022-10-26 04:30:03+00:00,3375147971,W0NDERLAND
310,1585064976922071041,2022-10-26 00:25:14+00:00,1510347256792289283,
311,1585041734421032961,2022-10-25 22:52:52+00:00,1568677928719769600,
312,1584932488551489536,2022-10-25 15:38:46+00:00,770811307679375362,
313,1584928158692016128,2022-10-25 15:21:34+00:00,22959451,"Rapid City, SD"
314,1584918124281069570,2022-10-25 14:41:41+00:00,1493956222411698178,
315,1584862756641148928,2022-10-25 11:01:41+00:00,1161491753490366464,"Athens, GA"
316,1584786123834142720,2022-10-25 05:57:10+00:00,773752252842569728,Earth
317,1584735897433657345,2022-10-25 02:37:35+00:00,1552332210635624449,
318,1584714112474431488,2022-10-25 01:11:01+00:00,1315534133729406977,Pakistan
319,1584712677498114049,2022-10-25 01:05:19+00:00,783060787183046657,"Bhubaneshwar, India"
320,1584710683005960193,2022-10-25 00:57:23+00:00,1350623320136421377,
321,1584703339278876672,2022-10-25 00:28:13+00:00,1491273403734675456,"Accra, Ghana"
322,1584702072657956866,2022-10-25 00:23:11+00:00,1099664951088766976,Argentina --- Mismo @ en Gab
323,1584678679267143681,2022-10-24 22:50:13+00:00,481713690,
324,1584662758934876163,2022-10-24 21:46:57+00:00,260603193,"Melbourne, Victoria"
325,1584583009339985928,2022-10-24 16:30:04+00:00,1571844929168498690,
326,1584555062600372224,2022-10-24 14:39:01+00:00,1215602517209337856,India
327,1584545613278060547,2022-10-24 14:01:28+00:00,85906383,
328,1584465557704699904,2022-10-24 08:43:21+00:00,726054907183173632,Lebanon
329,1584437254646554624,2022-10-24 06:50:53+00:00,102283879,United State of America
330,1584431567241609216,2022-10-24 06:28:17+00:00,776164442237050880,"Cinco Ranch, TX"
331,1584308564654698496,2022-10-23 22:19:31+00:00,1471364613254299652,
332,1584223143702720512,2022-10-23 16:40:05+00:00,1270181538680893440,PNW
333,1584125127360278528,2022-10-23 10:10:36+00:00,1514228574680719361,
334,1584099781651353601,2022-10-23 08:29:53+00:00,2716057017,"Scotland, United Kingdom"
335,1583991228064206848,2022-10-23 01:18:32+00:00,4111732343,
336,1583987186315120640,2022-10-23 01:02:28+00:00,1242438280492331010,"New York, USA"
337,1583948716221681664,2022-10-22 22:29:36+00:00,2186700698,La Quinta
338,1583911079989882880,2022-10-22 20:00:03+00:00,1603351542,Hong Kong
339,1583891196035809281,2022-10-22 18:41:03+00:00,1524046593787412489,Somewhere in the USA 
340,1583852529728647168,2022-10-22 16:07:24+00:00,16803000,"Toronto, Canada"
341,1583850906130337792,2022-10-22 16:00:57+00:00,4102013897,"Arkham, MA"
342,1583814390847270912,2022-10-22 13:35:51+00:00,85906383,
343,1583807440768106497,2022-10-22 13:08:14+00:00,1028812936985419776,USA
344,1583802844565893120,2022-10-22 12:49:58+00:00,1483750637275860993,"Halifax, VA"
345,1583740627388624898,2022-10-22 08:42:44+00:00,1531967063379558400,
346,1583649734253633537,2022-10-22 02:41:34+00:00,1152587251,De cabo Fisterra a Cap de Creus
347,1583632218794360832,2022-10-22 01:31:58+00:00,758777313614041089,
348,1583593978745999360,2022-10-21 23:00:00+00:00,850455051965431808,"Chicago, IL"
349,1583564757964976131,2022-10-21 21:03:54+00:00,1194395618166353923,a few doors up from a caveman
350,1583543810725801984,2022-10-21 19:40:39+00:00,52863034,Miami
351,1583542442615533568,2022-10-21 19:35:13+00:00,1034237239847542784,East Central MN
352,1583521562871074816,2022-10-21 18:12:15+00:00,1487744784768942081,Zum Teufel mit der #Maskenpfli
353,1583519847240957953,2022-10-21 18:05:26+00:00,45683853,
354,1583516459916963841,2022-10-21 17:51:59+00:00,823979177900736512,"Mississippi, USA"
355,1583516036137377792,2022-10-21 17:50:17+00:00,349970631,
356,1583514154895564801,2022-10-21 17:42:49+00:00,388774547,
357,1583513745069731840,2022-10-21 17:41:11+00:00,823979177900736512,"Mississippi, USA"
358,1583495325330702345,2022-10-21 16:28:00+00:00,1487744784768942081,Zum Teufel mit der #Maskenpfli
359,1583495133731131393,2022-10-21 16:27:14+00:00,1487744784768942081,Zum Teufel mit der #Maskenpfli
360,1583486431791820802,2022-10-21 15:52:39+00:00,3369944015,NYC via M√ºnchen
361,1583478316795072512,2022-10-21 15:20:24+00:00,1469311153092366340,
362,1583468701906784256,2022-10-21 14:42:12+00:00,388774547,
363,1583461274720956417,2022-10-21 14:12:41+00:00,2780405421,Planet A
364,1583429581423288321,2022-10-21 12:06:45+00:00,223554780,
365,1583411537410424836,2022-10-21 10:55:03+00:00,388774547,
366,1583401790422548480,2022-10-21 10:16:19+00:00,388774547,
367,1583400742227890177,2022-10-21 10:12:09+00:00,388774547,
368,1583367296625823744,2022-10-21 07:59:15+00:00,26114344,SC
369,1583314995630460934,2022-10-21 04:31:26+00:00,818646509512060928,"Portland, OR"
370,1583295112422907904,2022-10-21 03:12:25+00:00,1306412558488932360,"Norfolk, VA"
371,1583283531190796289,2022-10-21 02:26:24+00:00,1121593750940258304,"Maine, USA"
372,1583273379838439424,2022-10-21 01:46:04+00:00,4238195054,"Waterloo, WI"
373,1583253942926180353,2022-10-21 00:28:50+00:00,1518955612729659394,
374,1583246297397854209,2022-10-20 23:58:27+00:00,1566183758994505728,
375,1583227003922132992,2022-10-20 22:41:47+00:00,1225672419529986048,
376,1583210345199730689,2022-10-20 21:35:35+00:00,1459144240760512512,
377,1583188989724356609,2022-10-20 20:10:44+00:00,16057661,"Vermillion, SD"
378,1583173780612198400,2022-10-20 19:10:17+00:00,240514507,Michigan
379,1583172241696886785,2022-10-20 19:04:10+00:00,1274806837079158785,Earth
380,1583171748010205184,2022-10-20 19:02:13+00:00,1299624084,
381,1583162348785004544,2022-10-20 18:24:52+00:00,1108247688754155520,
382,1583153940555698176,2022-10-20 17:51:27+00:00,1237867743166283776,AZ
383,1583149107111075840,2022-10-20 17:32:15+00:00,823979177900736512,"Mississippi, USA"
384,1583144578315874304,2022-10-20 17:14:15+00:00,433782651,"Chicago, Illinois USA"
385,1583137352024588293,2022-10-20 16:45:32+00:00,2225768798,
386,1583134444482723848,2022-10-20 16:33:59+00:00,259309785,NE & Central Florida
387,1583105546940735489,2022-10-20 14:39:09+00:00,1487744784768942081,Zum Teufel mit der #Maskenpfli
388,1583092336846057472,2022-10-20 13:46:40+00:00,1206719018058633216,
389,1583090836375363585,2022-10-20 13:40:42+00:00,1563363462,"Worcester, MA"
390,1583065596971094022,2022-10-20 12:00:24+00:00,167418338,Barbados
391,1583013277658849280,2022-10-20 08:32:31+00:00,1659152678,United States
392,1583001240979779584,2022-10-20 07:44:41+00:00,3306641897,"Kampala, Uganda"
393,1583001233463250944,2022-10-20 07:44:39+00:00,3306641897,"Kampala, Uganda"
394,1582979046886887424,2022-10-20 06:16:29+00:00,823979177900736512,"Mississippi, USA"
395,1582929688733048834,2022-10-20 03:00:21+00:00,258960339,Espa√±a
396,1582918634347073536,2022-10-20 02:16:26+00:00,1052543609818554368,"Louisville, KY"
397,1582864415619022848,2022-10-19 22:40:59+00:00,3100291843,
398,1582806537097003008,2022-10-19 18:51:00+00:00,3331681719,"Ann Arbor, MI"
399,1582787720535232512,2022-10-19 17:36:14+00:00,1511546624551530503,
400,1582757171011325952,2022-10-19 15:34:50+00:00,979008073548345345,"Girl from Bunyonyi, Kabale "
401,1582757150970953728,2022-10-19 15:34:45+00:00,239550730,"Maple, Ontario"
402,1582745391224672257,2022-10-19 14:48:01+00:00,19822143,
403,1582721275792740357,2022-10-19 13:12:12+00:00,1487744784768942081,Zum Teufel mit der #Maskenpfli
404,1582680574413529088,2022-10-19 10:30:28+00:00,1494307309887045635,
405,1582677668780122120,2022-10-19 10:18:55+00:00,1471774609708285954,
406,1582658432049418240,2022-10-19 09:02:29+00:00,1542936951283716096,Kampala
407,1582655862669090816,2022-10-19 08:52:16+00:00,434770227,"Uganda, East Africa"
408,1582641044700954624,2022-10-19 07:53:23+00:00,217387388,"Brussels, Belgium"
409,1582502629766488064,2022-10-18 22:43:23+00:00,1144428755051401216,Planet Earth
410,1582454141355708416,2022-10-18 19:30:42+00:00,155049276,
411,1582453423131095040,2022-10-18 19:27:51+00:00,1964846970,"Los Angeles, CA"
412,1582439631466864640,2022-10-18 18:33:03+00:00,1575199227537494016,
413,1582423066604236801,2022-10-18 17:27:13+00:00,130523092,London and Oxford
414,1582350721730560002,2022-10-18 12:39:45+00:00,1575420813150412802,
415,1582350689715429376,2022-10-18 12:39:37+00:00,1575420813150412802,
416,1582267323293265926,2022-10-18 07:08:21+00:00,1151358169467109376,"Kampala, Uganda"
417,1582262605342601216,2022-10-18 06:49:36+00:00,75032551,"Kampala, Uganda"
418,1582198058338512896,2022-10-18 02:33:07+00:00,1357165228715253762,
419,1582044360228552704,2022-10-17 16:22:23+00:00,1382655397354344452,
420,1582024948792832002,2022-10-17 15:05:15+00:00,98877698,"London, UK"
421,1582024239099834368,2022-10-17 15:02:25+00:00,92783517,"Truro, Cornwall"
422,1582003208452739074,2022-10-17 13:38:51+00:00,1357089375889285120,"Lae,PNG"
423,1582001842934153217,2022-10-17 13:33:26+00:00,1466998778188079104,
424,1582001772662775808,2022-10-17 13:33:09+00:00,1466998778188079104,
425,1581968218964381698,2022-10-17 11:19:49+00:00,3290560061,Ireland
426,1581966793253715968,2022-10-17 11:14:09+00:00,1394924473804001282,"Shannon, Ireland"
427,1581944205395759105,2022-10-17 09:44:24+00:00,4795070603,Kampala Uganda
428,1581902722227671040,2022-10-17 06:59:33+00:00,900590952196198400,Albuquerque
429,1581887987163754499,2022-10-17 06:01:00+00:00,4102013897,"Arkham, MA"
430,1581883616589594624,2022-10-17 05:43:38+00:00,1513911432294797312,
431,1581873084432146432,2022-10-17 05:01:47+00:00,1557033270117687296,SoCal
432,1581679223751598082,2022-10-16 16:11:27+00:00,1518686818669150208,
433,1581666386073759745,2022-10-16 15:20:27+00:00,4122160457,
434,1581665094886645760,2022-10-16 15:15:19+00:00,2350941734,Canada
435,1581625521485811712,2022-10-16 12:38:04+00:00,138418838,CA | AM | AUNZ | UK | IE | HIV
436,1581616328535789568,2022-10-16 12:01:32+00:00,2350941734,Canada
437,1581616198105473025,2022-10-16 12:01:01+00:00,4102013897,"Arkham, MA"
438,1581568693754269696,2022-10-16 08:52:15+00:00,1536642920920776704,The land of Oz.
439,1581509423163330562,2022-10-16 04:56:44+00:00,91936204,
440,1581328963699232768,2022-10-15 16:59:39+00:00,1029515818827231232,
441,1581328701110636544,2022-10-15 16:58:36+00:00,1029515818827231232,
442,1581314463562883072,2022-10-15 16:02:02+00:00,1282330097177985029,"Peaceful hills, Upper East TN"
443,1581300924613414914,2022-10-15 15:08:14+00:00,1179464402791219206,
444,1581261126926729216,2022-10-15 12:30:05+00:00,217081149,London
445,1581247838721146881,2022-10-15 11:37:17+00:00,1218868673844301827,US
446,1581245684132429825,2022-10-15 11:28:43+00:00,517997264,The Midwest
447,1581075448960024576,2022-10-15 00:12:16+00:00,22566521,
448,1581058886886309888,2022-10-14 23:06:27+00:00,556344100,"New Jersey, USA"
449,1580957345076506624,2022-10-14 16:22:58+00:00,1110125654723432451,Nigeria
450,1580938240005410817,2022-10-14 15:07:03+00:00,1118197439209426944,"Weston, MA"
451,1580903257354145794,2022-10-14 12:48:02+00:00,1383040819276492800,
452,1580893119704272896,2022-10-14 12:07:45+00:00,1468246640536563728,United States of America
453,1580893118538612737,2022-10-14 12:07:45+00:00,1276386008,
454,1580893115367686145,2022-10-14 12:07:44+00:00,113797201,"Dallas, TX"
455,1580748090671521792,2022-10-14 02:31:28+00:00,344147133,"Puerto Vallarta, Mexico"
456,1580609998786564097,2022-10-13 17:22:44+00:00,30438695,Qatar
457,1580593262233911304,2022-10-13 16:16:14+00:00,360220091,United States
458,1580517769425997824,2022-10-13 11:16:15+00:00,752805955,Nederlandsch-Indi√´ 
459,1580453542091165698,2022-10-13 07:01:02+00:00,4102013897,"Arkham, MA"
460,1580443273780346880,2022-10-13 06:20:14+00:00,1139175056,
461,1580266781306159104,2022-10-12 18:38:55+00:00,76085468,"sion,mumbai"
462,1580242242610278400,2022-10-12 17:01:24+00:00,1239438922981277696,"Brussels, Belgium"
463,1580223217054396419,2022-10-12 15:45:48+00:00,1530262780883910657,Canada
464,1580150437021646849,2022-10-12 10:56:36+00:00,2954367954,"Islamabad, Pakistan"
465,1580148443422785542,2022-10-12 10:48:41+00:00,1523727427515686913,"Plot 16A-C,Martyrs Way, Ntinda"
466,1580106779127517184,2022-10-12 08:03:07+00:00,3290560061,Ireland
467,1580106776040468481,2022-10-12 08:03:07+00:00,3290560061,Ireland
468,1580076149518262273,2022-10-12 06:01:25+00:00,1344853357064699905,North Rocks
469,1580067289118179328,2022-10-12 05:26:12+00:00,1236371478276460545,Alberta  üá®üá¶
470,1579982554215874560,2022-10-11 23:49:30+00:00,1571844929168498690,
471,1579818997679550469,2022-10-11 12:59:35+00:00,1234883337589788678,
472,1579702030054326273,2022-10-11 05:14:48+00:00,3309206583,
473,1579661907182899200,2022-10-11 02:35:22+00:00,312412918,Canada
474,1579624054868574209,2022-10-11 00:04:57+00:00,2731098483,"Islington, London"
475,1579578755273527296,2022-10-10 21:04:57+00:00,1011963421372436480,
476,1579552782105083904,2022-10-10 19:21:44+00:00,1519061230173884416,
477,1579546213350711296,2022-10-10 18:55:38+00:00,54123171,Land of Enchantment
478,1579487038050476033,2022-10-10 15:00:29+00:00,198496513,
479,1579473059601616896,2022-10-10 14:04:57+00:00,98877698,"London, UK"
480,1579457956357496833,2022-10-10 13:04:56+00:00,44839509,India
481,1579437888269619200,2022-10-10 11:45:11+00:00,1480152348072857602,
482,1579366385226240000,2022-10-10 07:01:04+00:00,4102013897,"Arkham, MA"
483,1579321087296303105,2022-10-10 04:01:04+00:00,4102013897,"Arkham, MA"
484,1579298172740194304,2022-10-10 02:30:00+00:00,38529570,Massachusetts
485,1579204060888313857,2022-10-09 20:16:02+00:00,757814965,Los Angeles
486,1579157247493406720,2022-10-09 17:10:01+00:00,601508693,
487,1579097220607258626,2022-10-09 13:11:30+00:00,388774547,
488,1578762262319222784,2022-10-08 15:00:29+00:00,2902238009,"London, England"
489,1578569928612974594,2022-10-08 02:16:14+00:00,344147133,"Puerto Vallarta, Mexico"
490,1578516764417093632,2022-10-07 22:44:58+00:00,14237055,Standing up
491,1578479401196740615,2022-10-07 20:16:30+00:00,1494735501454106635,
492,1578474873172598784,2022-10-07 19:58:31+00:00,864968019767943169,
493,1578457835364458496,2022-10-07 18:50:48+00:00,19087092,International Website
494,1578434523968290817,2022-10-07 17:18:11+00:00,1577001934917074944,United state
495,1578429177476558848,2022-10-07 16:56:56+00:00,1727008657,SC
496,1578400014618984448,2022-10-07 15:01:03+00:00,1565862928108163072,
497,1578296979150761985,2022-10-07 08:11:37+00:00,3226565237,"Kasese, Uganda ,Bwera "
498,1578248467947950081,2022-10-07 04:58:51+00:00,2954367954,"Islamabad, Pakistan"
499,1578133610540015617,2022-10-06 21:22:27+00:00,1522469808545140739,
500,1578119884881465344,2022-10-06 20:27:55+00:00,48961265,BC & AB
501,1578101718453088256,2022-10-06 19:15:44+00:00,1197928067236290561,United Kingdom
502,1578064933325271040,2022-10-06 16:49:33+00:00,189340096,Vancouver BC
503,1578057533138288642,2022-10-06 16:20:09+00:00,139109800,
504,1578039375245365249,2022-10-06 15:08:00+00:00,1233036026525966337,
505,1578032832470929410,2022-10-06 14:42:00+00:00,869818514,"Malaga, Spain"
506,1578023067749470208,2022-10-06 14:03:12+00:00,1503884146241904644,Tigray‚ù§Ô∏è
507,1578022620267950081,2022-10-06 14:01:25+00:00,1503884146241904644,Tigray‚ù§Ô∏è
508,1578022274547974144,2022-10-06 14:00:03+00:00,1347056015016034306,"Chicago, IL 60617"
509,1577938818019344384,2022-10-06 08:28:25+00:00,78621972,UK
510,1577919241596043264,2022-10-06 07:10:38+00:00,20454609,Norfolk
511,1577918033368162306,2022-10-06 07:05:50+00:00,1024660085426008070,United Kingdom
512,1577904046643486721,2022-10-06 06:10:15+00:00,1519123555467898887,Elsewhere
513,1577875040095375361,2022-10-06 04:14:59+00:00,55165526,127.0.0.1
514,1577784554596847618,2022-10-05 22:15:26+00:00,1177421209367142401,
515,1577727933258547200,2022-10-05 18:30:26+00:00,46148540,"Boston, Lincolnshire, UK"
516,1577609006616612869,2022-10-05 10:37:52+00:00,301451329,"Kampala, Uganda"
517,1577582101704081410,2022-10-05 08:50:57+00:00,712676897,On the move
518,1577557075257098241,2022-10-05 07:11:30+00:00,3306641897,"Kampala, Uganda"
519,1577471436737880065,2022-10-05 01:31:13+00:00,1458873974524420101,
520,1577435722919051266,2022-10-04 23:09:18+00:00,1568052495246557185,"Stroudsburg, PA"
521,1577428618804092928,2022-10-04 22:41:04+00:00,1431158553591488514,"Perth, Western Australia"
522,1577402758587682831,2022-10-04 20:58:19+00:00,1308368053709819905,Irgendwo im Nirgendwo
523,1577287509335511042,2022-10-04 13:20:21+00:00,21643498,Crypts of Lieberk√ºhn
524,1577204465764954112,2022-10-04 07:50:22+00:00,1086253763311083520,
525,1577184314072403968,2022-10-04 06:30:17+00:00,1499287138486996995,Rewa
526,1577162173964423168,2022-10-04 05:02:19+00:00,1454586587564568577,New Zealand
527,1577135815137800193,2022-10-04 03:17:34+00:00,391015245,Nevada
528,1577081320232157184,2022-10-03 23:41:02+00:00,1522504111941623808,‡§≠‡§æ‡§∞‡§§
529,1577050019030568976,2022-10-03 21:36:39+00:00,28211924,"Toronto, ON, Canada"
530,1576967485076770816,2022-10-03 16:08:41+00:00,1535206937385914369,
531,1576966429680844803,2022-10-03 16:04:30+00:00,3235220526,"Indore, India"
532,1576927185914712069,2022-10-03 13:28:33+00:00,1436964706821066756,
533,1576814587093176322,2022-10-03 06:01:08+00:00,4102013897,"Arkham, MA"
534,1576677684326735880,2022-10-02 20:57:07+00:00,1442945349161783296,Toronto 
535,1576644949843791874,2022-10-02 18:47:03+00:00,118788479,United States
536,1576607826696237057,2022-10-02 16:19:32+00:00,1343882531846938626,36.2350 -115.0338
537,1576488638434922496,2022-10-02 08:25:55+00:00,250304043,
538,1576468070465343488,2022-10-02 07:04:12+00:00,181140029,Citizen of America 
539,1576465341818933248,2022-10-02 06:53:21+00:00,1519426292294238211,Madrid
540,1576453461616783360,2022-10-02 06:06:08+00:00,3232775844,
541,1576413326069768193,2022-10-02 03:26:39+00:00,1477754088607698944,
542,1576377506932092928,2022-10-02 01:04:19+00:00,344147133,"Puerto Vallarta, Mexico"
543,1576261319187046400,2022-10-01 17:22:38+00:00,52541237,"Wisconsin, USA"
544,1576165093997694977,2022-10-01 11:00:16+00:00,1572482980051914752,Baltic Coast
545,1576164984824172545,2022-10-01 10:59:50+00:00,1572482980051914752,Baltic Coast
546,1576151302291103744,2022-10-01 10:05:28+00:00,1188159570721546241,Rhos-on-Sea & Southampton
547,1576120516867653633,2022-10-01 08:03:08+00:00,1572482980051914752,Baltic Coast
548,1576097635945000960,2022-10-01 06:32:13+00:00,1422182153287258117,Tunisie (+216) 98 33 88 80. 
549,1576096823181475841,2022-10-01 06:28:59+00:00,1270181538680893440,PNW
550,1576077938227023873,2022-10-01 05:13:57+00:00,1326836315481141250,"Z√ºrich, Schweiz"
551,1576064784495439872,2022-10-01 04:21:41+00:00,1110004139126345729,"Nagpur, India"
552,1576043045266788352,2022-10-01 02:55:18+00:00,880669051101564928,"Melbourne, Australia"
553,1576012484015575041,2022-10-01 00:53:51+00:00,1190603787339272197,U.K & South Africa 
554,1576007957825073152,2022-10-01 00:35:52+00:00,1242443905779499008,Montr√©al üá®üá¶
555,1575864134411096064,2022-09-30 15:04:22+00:00,1334784108409589765,"Stockholm, Sverige"
556,1575863700770066434,2022-09-30 15:02:39+00:00,118788479,United States
557,1575839303707414528,2022-09-30 13:25:42+00:00,634638711,"Geneva, Switzerland"
558,1575760391488970752,2022-09-30 08:12:08+00:00,1453457039779368965,
559,1575602266853163008,2022-09-29 21:43:48+00:00,4240417873,"Colorado, USA"
560,1575560118116106240,2022-09-29 18:56:19+00:00,1043068626,"Karachi, Sindh, Pakistan"
561,1575546289936338944,2022-09-29 18:01:22+00:00,1011963421372436480,
562,1575544097577832454,2022-09-29 17:52:39+00:00,1427768108614291465,
563,1575521860661366785,2022-09-29 16:24:18+00:00,1136916675595591681,"Newton Abbot, England"
564,1575338813815246848,2022-09-29 04:16:56+00:00,1397498746116653060,
565,1575244085446774796,2022-09-28 22:00:31+00:00,1433847975713849344,
566,1575211553921462273,2022-09-28 19:51:15+00:00,1067623316838445056,rrbyf or hang
567,1575206306713333760,2022-09-28 19:30:24+00:00,1501611615078469633, NOIDA
568,1575161768363511808,2022-09-28 16:33:25+00:00,1511356431508910084,Texas
569,1575155531639328768,2022-09-28 16:08:38+00:00,1513389753034416128,"Vancouver, British Columbia"
570,1575151927159144450,2022-09-28 15:54:18+00:00,1043068626,"Karachi, Sindh, Pakistan"
571,1575149953973895170,2022-09-28 15:46:28+00:00,1043068626,"Karachi, Sindh, Pakistan"
572,1575149701141348355,2022-09-28 15:45:28+00:00,2899058980,England
573,1575136672613691393,2022-09-28 14:53:42+00:00,1513389753034416128,"Vancouver, British Columbia"
574,1575122398097002499,2022-09-28 13:56:58+00:00,1513389753034416128,"Vancouver, British Columbia"
575,1575108066642513920,2022-09-28 13:00:01+00:00,1336908879314087936,Nepal
576,1575095071313375232,2022-09-28 12:08:23+00:00,3290560061,Ireland
577,1575081542430658560,2022-09-28 11:14:37+00:00,1450673432350265348,
578,1575047961612099586,2022-09-28 09:01:11+00:00,4102013897,"Arkham, MA"
579,1575008243864190976,2022-09-28 06:23:22+00:00,149516743,"Karachi, Pakistan"
580,1574914092699361280,2022-09-28 00:09:14+00:00,1513389753034416128,"Vancouver, British Columbia"
581,1574894346675134483,2022-09-27 22:50:47+00:00,1492843939,"Maine, USA"
582,1574876721978843136,2022-09-27 21:40:44+00:00,165908977,
583,1574809242200313856,2022-09-27 17:12:36+00:00,261993317,
584,1574749721524051968,2022-09-27 13:16:05+00:00,1043068626,"Karachi, Sindh, Pakistan"
585,1574745845505097729,2022-09-27 13:00:41+00:00,1492843939,"Maine, USA"
586,1574679924631216128,2022-09-27 08:38:44+00:00,388774547,
587,1574661085965168640,2022-09-27 07:23:53+00:00,784603970752880640,
588,1574624654748065792,2022-09-27 04:59:07+00:00,784603970752880640,
589,1574623584676466688,2022-09-27 04:54:52+00:00,1573382748345192449,
590,1574565366004588555,2022-09-27 01:03:31+00:00,1487034926503452672,
591,1574417987418918913,2022-09-26 15:17:54+00:00,4860678929,"Cranbury, NJ"
592,1574405502167093248,2022-09-26 14:28:17+00:00,3569838208,
593,1574339920055107585,2022-09-26 10:07:41+00:00,447466017,Pregnant? Need help? Ask me
594,1574321867564916736,2022-09-26 08:55:57+00:00,1517545111030276100,
595,1574296901947920384,2022-09-26 07:16:45+00:00,217387388,"Brussels, Belgium"
596,1574237215537799169,2022-09-26 03:19:34+00:00,1521210979941445633,"Here, USA üá∫üá∏"
597,1574216623266963456,2022-09-26 01:57:45+00:00,786988596,Halifax
598,1574189152115261440,2022-09-26 00:08:35+00:00,344147133,"Puerto Vallarta, Mexico"
599,1574171053676724225,2022-09-25 22:56:40+00:00,889993317793939456,È¶ôÊ∏Ø
600,1574037165197168652,2022-09-25 14:04:39+00:00,806732518510600192,Embakasi
601,1573994791171399681,2022-09-25 11:16:16+00:00,514485754,Canada
602,1573948139123400706,2022-09-25 08:10:53+00:00,883026213069086720,London
603,1573943816834666497,2022-09-25 07:53:43+00:00,246667561,"Vancouver, BC"
604,1573929760727896066,2022-09-25 06:57:51+00:00,246667561,"Vancouver, BC"
605,1573889437523746816,2022-09-25 04:17:38+00:00,1326836315481141250,"Z√ºrich, Schweiz"
606,1573803107871490048,2022-09-24 22:34:35+00:00,863572378324017158,
607,1573733822298030081,2022-09-24 17:59:16+00:00,843758096250036224,
608,1573704341042634755,2022-09-24 16:02:07+00:00,85924352,"Cartagena, Espa√±a"
609,1573537914998255617,2022-09-24 05:00:48+00:00,1475239580513177601,Australia
610,1573478757159018509,2022-09-24 01:05:44+00:00,1418270109169242117,"Duluth, Minnesota"
611,1573447250038390784,2022-09-23 23:00:32+00:00,65474965,NYC
612,1573395400647737351,2022-09-23 19:34:30+00:00,50291126,"Charlotte, NC"
613,1573349825596502016,2022-09-23 16:33:24+00:00,1014237373868183553,"Cornwall & London, Europe"
614,1573346239869059072,2022-09-23 16:19:09+00:00,329050248,
615,1573334302703722497,2022-09-23 15:31:43+00:00,1110125654723432451,Nigeria
616,1573328950608424960,2022-09-23 15:10:27+00:00,889600260703526912,"Edmonton, Alberta"
617,1573328664745451520,2022-09-23 15:09:19+00:00,271053549,"New York, NY"
618,1573312363729657857,2022-09-23 14:04:32+00:00,87017466,Pennsylvania
619,1573296431384887296,2022-09-23 13:01:14+00:00,4102013897,"Arkham, MA"
620,1573155841884434433,2022-09-23 03:42:35+00:00,1331990789988122625,Canada 
621,1573135204180525057,2022-09-23 02:20:34+00:00,1359398870199992320,"Durham, NC"
622,1573131032756654085,2022-09-23 02:04:00+00:00,94149416,"Palm Bay, FL"
623,1573075308353560576,2022-09-22 22:22:34+00:00,1210869916871483392,"Albuquerque, NM"
624,1573064135457267712,2022-09-22 21:38:10+00:00,1463955534952939529,
625,1573027320323100673,2022-09-22 19:11:53+00:00,906554365,
626,1573021179220090881,2022-09-22 18:47:29+00:00,987798619943194624,"Arizona, USA"
627,1572988076124692484,2022-09-22 16:35:56+00:00,1331990789988122625,Canada 
628,1572983419977760778,2022-09-22 16:17:26+00:00,804268893183340544,"London, England"
629,1572973143257489420,2022-09-22 15:36:36+00:00,1502018511002083334,
630,1572951543053225984,2022-09-22 14:10:46+00:00,1331990789988122625,Canada 
631,1572933993838047232,2022-09-22 13:01:02+00:00,494490561,"San Francisco, CA"
632,1572906372999815170,2022-09-22 11:11:17+00:00,1445533994741682179,
633,1572820801388257280,2022-09-22 05:31:15+00:00,4028930163,Ethiopia
634,1572728244377423878,2022-09-21 23:23:27+00:00,1500624327598919682,
635,1572687925774540800,2022-09-21 20:43:15+00:00,921400462838042624,"Cold Spring Harbor, NY"
636,1572687107994390528,2022-09-21 20:40:00+00:00,1091857187935264769,USA
637,1572663889506058241,2022-09-21 19:07:44+00:00,66349441,Somewhere on the water
638,1572654129377382407,2022-09-21 18:28:57+00:00,1506094448089915401,
639,1572646650619002882,2022-09-21 17:59:14+00:00,1287447642851532800,
640,1572634961294856195,2022-09-21 17:12:47+00:00,155485607,
641,1572633261654044673,2022-09-21 17:06:02+00:00,1043068626,"Karachi, Sindh, Pakistan"
642,1572628498552098818,2022-09-21 16:47:06+00:00,1540995376936796161,The‚ÄùGreatSewage&Plague‚ÄùBritain
643,1572620501184581633,2022-09-21 16:15:20+00:00,1560166520059207682,
644,1572618237036175373,2022-09-21 16:06:20+00:00,1500295178778812421,
645,1572611657603358722,2022-09-21 15:40:11+00:00,1511356431508910084,Texas
646,1572603347978579968,2022-09-21 15:07:10+00:00,889600260703526912,"Edmonton, Alberta"
647,1572593462851309568,2022-09-21 14:27:53+00:00,1521836114633445380,
648,1572590601803300864,2022-09-21 14:16:31+00:00,513742358,"Toronto, Ontario"
649,1572584712463618049,2022-09-21 13:53:07+00:00,1267145618,
650,1572570813743902720,2022-09-21 12:57:53+00:00,347126522,Rome
651,1572462833845010433,2022-09-21 05:48:49+00:00,1494140091492614145,"Dallas, TX"
652,1572448848877846528,2022-09-21 04:53:14+00:00,1470056755296149508,
653,1572425469194117120,2022-09-21 03:20:20+00:00,1457141826201206784,
654,1572366238520848386,2022-09-20 23:24:59+00:00,21117616,
655,1572352619217141760,2022-09-20 22:30:51+00:00,1563541497290833920,
656,1572315041499852806,2022-09-20 20:01:32+00:00,494490561,"San Francisco, CA"
657,1572263866654142465,2022-09-20 16:38:11+00:00,1548499078635368451,
658,1572258262439043073,2022-09-20 16:15:55+00:00,34006192,
659,1572258101570437120,2022-09-20 16:15:17+00:00,1043068626,"Karachi, Sindh, Pakistan"
660,1572233472844132354,2022-09-20 14:37:25+00:00,33972693,"Raleigh, NC"
661,1572233324445470723,2022-09-20 14:36:49+00:00,1546293883012648961,
662,1572216776569810946,2022-09-20 13:31:04+00:00,294275050,France
663,1572208903697436673,2022-09-20 12:59:47+00:00,1521836114633445380,
664,1572189937360838664,2022-09-20 11:44:25+00:00,1418207374867795971,
665,1572173819124785152,2022-09-20 10:40:22+00:00,347126522,Rome
666,1572134484253999104,2022-09-20 08:04:04+00:00,1429664817564905481,"Chembur, Mumbai"
667,1572014672097730563,2022-09-20 00:07:59+00:00,344147133,"Puerto Vallarta, Mexico"
668,1571862704079470592,2022-09-19 14:04:07+00:00,1420493969985769476,
669,1571800067572436992,2022-09-19 09:55:13+00:00,972070284089085952,"ŒëœÑœÑŒπŒ∫ŒÆ, ŒïŒªŒªŒ¨œÇ"
670,1571762071221551104,2022-09-19 07:24:14+00:00,568112662,Espa√±a
671,1571760379264667648,2022-09-19 07:17:30+00:00,36384577,Andalucia
672,1571740879261691904,2022-09-19 06:00:01+00:00,568112662,Espa√±a
673,1571740873972400128,2022-09-19 06:00:00+00:00,1000136524158132224,Spain
674,1571740872202657793,2022-09-19 06:00:00+00:00,17927133,Estepa (Sevilla) Espa√±a
675,1571740869677690880,2022-09-19 05:59:59+00:00,36384577,Andalucia
676,1571740867215360000,2022-09-19 05:59:58+00:00,2312124476,
677,1571716587132166145,2022-09-19 04:23:30+00:00,375757860,"Conroe, Texas"
678,1571691394263289858,2022-09-19 02:43:23+00:00,1310931587106627589,"Chennai, India"
679,1571679610953236482,2022-09-19 01:56:34+00:00,1517156515454484486,
680,1571599886230978561,2022-09-18 20:39:46+00:00,1567521020898148352,Ukraine
681,1571580388031561732,2022-09-18 19:22:17+00:00,36384577,Andalucia
682,1571555548142739456,2022-09-18 17:43:35+00:00,568112662,Espa√±a
683,1571555542757146624,2022-09-18 17:43:34+00:00,1000136524158132224,Spain
684,1571555541196865536,2022-09-18 17:43:33+00:00,17927133,Estepa (Sevilla) Espa√±a
685,1571555538957389824,2022-09-18 17:43:33+00:00,36384577,Andalucia
686,1571494949933428738,2022-09-18 13:42:47+00:00,514485754,Canada
687,1571458336826052608,2022-09-18 11:17:18+00:00,36384577,Andalucia
688,1571433489362288640,2022-09-18 09:38:34+00:00,568112662,Espa√±a
689,1571433477999923200,2022-09-18 09:38:31+00:00,1000136524158132224,Spain
690,1571433470370390016,2022-09-18 09:38:29+00:00,17927133,Estepa (Sevilla) Espa√±a
691,1571433462573277184,2022-09-18 09:38:27+00:00,36384577,Andalucia
692,1571433453870280704,2022-09-18 09:38:25+00:00,2312124476,
693,1571305539967016961,2022-09-18 01:10:08+00:00,1274805086284324864,
694,1571199538236473345,2022-09-17 18:08:56+00:00,1280878711454273543,
695,1571198897606860800,2022-09-17 18:06:23+00:00,40156330,"Washington, DC"
696,1571124776898289666,2022-09-17 13:11:51+00:00,282576096,Johannesburg
697,1571098094917517312,2022-09-17 11:25:50+00:00,1192199744845692928,Earth 
698,1571090172766474240,2022-09-17 10:54:21+00:00,1517749343582793730,"Wellington City, New Zealand"
699,1571068708495425536,2022-09-17 09:29:03+00:00,1222879367119937537,Austria
700,1571015021802713090,2022-09-17 05:55:43+00:00,1523514481854193664,"Tiruppur, Kongu Nadu."
701,1570874916542496769,2022-09-16 20:39:00+00:00,1091857187935264769,USA
702,1570856868997922816,2022-09-16 19:27:17+00:00,36384577,Andalucia
703,1570826538215415808,2022-09-16 17:26:45+00:00,568112662,Espa√±a
704,1570826532989329408,2022-09-16 17:26:44+00:00,1000136524158132224,Spain
705,1570826530795782145,2022-09-16 17:26:44+00:00,17927133,Estepa (Sevilla) Espa√±a
706,1570826528283566082,2022-09-16 17:26:43+00:00,36384577,Andalucia
707,1570826524990791682,2022-09-16 17:26:42+00:00,2312124476,
708,1570808518034464771,2022-09-16 16:15:09+00:00,153818168,
709,1570699892422758400,2022-09-16 09:03:31+00:00,1550006776799576064,
710,1570699333191753728,2022-09-16 09:01:17+00:00,4102013897,"Arkham, MA"
711,1570635692711219201,2022-09-16 04:48:24+00:00,4857413350,"Liverpool, England"
712,1570443439589982208,2022-09-15 16:04:28+00:00,1150681299444617216,Ahmedabad & Mumbai 
713,1570442640793149441,2022-09-15 16:01:17+00:00,612904823,"England, United Kingdom"
714,1570408250666786818,2022-09-15 13:44:38+00:00,344147133,"Puerto Vallarta, Mexico"
715,1570353531487412226,2022-09-15 10:07:12+00:00,1519503638389002240,
716,1570353466521931777,2022-09-15 10:06:56+00:00,1519503638389002240,
717,1570338987000176641,2022-09-15 09:09:24+00:00,1546715235733708801,Kabalagala - Muyenga Road
718,1570333512678666242,2022-09-15 08:47:39+00:00,917312021502332928,
719,1570309417622708224,2022-09-15 07:11:54+00:00,1060995270559830023,"Balcony, next to kestrel."
720,1570267075083644929,2022-09-15 04:23:39+00:00,836738972961419264,"Nebraska, USA"
721,1570232604552744960,2022-09-15 02:06:41+00:00,87118286,PEACE Region
722,1570089734587777028,2022-09-14 16:38:58+00:00,20454609,Norfolk
723,1570010214094495746,2022-09-14 11:22:59+00:00,1418203777442598915,
724,1569844143802695684,2022-09-14 00:23:04+00:00,95843758,Giving up on Switzerland
725,1569839157186367488,2022-09-14 00:03:15+00:00,1282330097177985029,"Peaceful hills, Upper East TN"
726,1569825517771137025,2022-09-13 23:09:04+00:00,800983787945357312,"Newport Beach, CA"
727,1569787950031929344,2022-09-13 20:39:47+00:00,1091857187935264769,USA
728,1569752696483188741,2022-09-13 18:19:42+00:00,376819013,Europe
729,1569747191274545155,2022-09-13 17:57:49+00:00,1487744784768942081,Zum Teufel mit der #Maskenpfli
730,1569702258149048321,2022-09-13 14:59:16+00:00,949206285827891200,
731,1569696543535517698,2022-09-13 14:36:34+00:00,1509251182191157251,"Preston, England"
732,1569688062271037443,2022-09-13 14:02:52+00:00,1345049650181468160,
733,1569674471551778816,2022-09-13 13:08:51+00:00,344147133,"Puerto Vallarta, Mexico"
734,1569657893724504065,2022-09-13 12:02:59+00:00,4860678929,"Cranbury, NJ"
735,1569575686368542721,2022-09-13 06:36:19+00:00,992785097001717760,"In the Woods, USA"
736,1569558891817586688,2022-09-13 05:29:35+00:00,763236025,Malaysia
737,1569464797099446273,2022-09-12 23:15:41+00:00,1531642102865461248,
738,1569371788420718592,2022-09-12 17:06:06+00:00,4860678929,"Cranbury, NJ"
739,1569369859867422721,2022-09-12 16:58:26+00:00,972272944339701760,Nigeria
740,1569228074822299649,2022-09-12 07:35:02+00:00,877120209936539648,
741,1569217535458803712,2022-09-12 06:53:09+00:00,1224886473025040386,
742,1569208331490787328,2022-09-12 06:16:35+00:00,1568775091072237568,
743,1569206379659001857,2022-09-12 06:08:50+00:00,1389822903156305924,
744,1568926081259823105,2022-09-11 11:35:01+00:00,37961729,
745,1568889456027127811,2022-09-11 09:09:29+00:00,1481744470328676353,Cork
746,1568644818901028865,2022-09-10 16:57:23+00:00,1433847975713849344,
747,1568437442524372993,2022-09-10 03:13:21+00:00,4806454874,"Toronto, Ontario"
748,1568392838252994560,2022-09-10 00:16:06+00:00,1566260344376512513,
749,1568392262312247298,2022-09-10 00:13:49+00:00,1566260344376512513,
750,1568391871579435008,2022-09-10 00:12:16+00:00,1566260344376512513,
751,1568391227220819971,2022-09-10 00:09:42+00:00,1566260344376512513,
752,1568387414229663744,2022-09-09 23:54:33+00:00,1566260344376512513,
753,1568386374704709634,2022-09-09 23:50:25+00:00,1566260344376512513,
754,1568378723350757377,2022-09-09 23:20:01+00:00,240162554,Espa√±a
755,1568344590574395396,2022-09-09 21:04:23+00:00,1214149915619676160,Brasil
756,1568298275521822720,2022-09-09 18:00:21+00:00,1526504676761411584,
757,1568292763640397824,2022-09-09 17:38:26+00:00,1484713063559221251,
758,1568255358480564224,2022-09-09 15:09:48+00:00,1511356431508910084,Texas
759,1568192999884029952,2022-09-09 11:02:01+00:00,4184768907,
760,1568177631924731911,2022-09-09 10:00:57+00:00,1394924473804001282,"Shannon, Ireland"
761,1568164394474799105,2022-09-09 09:08:21+00:00,3354692283,London
762,1568131549727522817,2022-09-09 06:57:50+00:00,1436964706821066756,
763,1568074971942981632,2022-09-09 03:13:01+00:00,526338406,F.E.M.A. Region IV
764,1568073739966840833,2022-09-09 03:08:07+00:00,344147133,"Puerto Vallarta, Mexico"
765,1568035718966161410,2022-09-09 00:37:02+00:00,2342708016,Asia & Pacific
766,1567982967745650697,2022-09-08 21:07:25+00:00,170280910,"New York, USA"
767,1567978108216610819,2022-09-08 20:48:07+00:00,170280910,"New York, USA"
768,1567870243057373185,2022-09-08 13:39:30+00:00,1330243511317368832,
769,1567843677157859331,2022-09-08 11:53:56+00:00,272688474,Ontario
770,1567834154930143237,2022-09-08 11:16:06+00:00,388774547,
771,1567827428625588224,2022-09-08 10:49:22+00:00,388774547,
772,1567800366296621056,2022-09-08 09:01:50+00:00,467554111,P√§ij√§t-H√§me
773,1567703078639370242,2022-09-08 02:35:15+00:00,381459260,Pakistan
774,1567684719948464130,2022-09-08 01:22:18+00:00,18940892,"Massachusetts, USA"
775,1567623366688792577,2022-09-07 21:18:30+00:00,1519073260075376640,
776,1567540027755823108,2022-09-07 15:47:20+00:00,2600155008,"Lahore, Pakistan"
777,1567538046077227008,2022-09-07 15:39:28+00:00,1533484924510126081,Svizera
778,1567524655967379457,2022-09-07 14:46:15+00:00,1510691192081567744,
779,1567518100358135809,2022-09-07 14:20:12+00:00,1518805008652853248,
780,1567461713926148098,2022-09-07 10:36:09+00:00,81084618,"LU-MA-HE, 49.4791¬∞N, 8.4525¬∞E "
781,1567440337244925960,2022-09-07 09:11:12+00:00,1503888581903155206,
782,1567432411750744064,2022-09-07 08:39:43+00:00,238083320,"Geneva, Switzerland"
783,1567407415804534786,2022-09-07 07:00:23+00:00,20454609,Norfolk
784,1567389961216827392,2022-09-07 05:51:02+00:00,1523727427515686913,"Plot 16A-C,Martyrs Way, Ntinda"
785,1567384174545276935,2022-09-07 05:28:02+00:00,5483992,"HSV, AL"
786,1567375114907578368,2022-09-07 04:52:02+00:00,1432290518264737792,
787,1567350502278430723,2022-09-07 03:14:14+00:00,344147133,"Puerto Vallarta, Mexico"
788,1567208372616716296,2022-09-06 17:49:28+00:00,982037003939262464,
789,1567190199050055681,2022-09-06 16:37:15+00:00,1563205634027163652,
790,1567176360346402816,2022-09-06 15:42:15+00:00,1463876632356261897,ÿßŸÑŸÖŸÖŸÑŸÉÿ© ÿßŸÑÿ£ÿ±ÿØŸÜŸäÿ© ÿßŸÑŸáÿßÿ¥ŸÖŸäÿ©
791,1567169261571035137,2022-09-06 15:14:03+00:00,26230231,"Malaga, Spain"
792,1567168765045145602,2022-09-06 15:12:04+00:00,1105019764685107200,"Alicante, Spain"
793,1567168349561389057,2022-09-06 15:10:25+00:00,1547658910026194945,
794,1567168342862987266,2022-09-06 15:10:24+00:00,1563596085687230466,
795,1567165716910018562,2022-09-06 14:59:58+00:00,981177460816531456,United Kingdom
796,1567156849220231169,2022-09-06 14:24:43+00:00,1014945529,"London, England"
797,1567136390684766212,2022-09-06 13:03:26+00:00,1052210510,
798,1567117506346717186,2022-09-06 11:48:23+00:00,701791384139866118,
799,1567112088958517249,2022-09-06 11:26:52+00:00,397912882,"London, UK"
800,1567088870696652800,2022-09-06 09:54:36+00:00,4184768907,
801,1567070670579793920,2022-09-06 08:42:17+00:00,1236698269767565315,
802,1567058783385313280,2022-09-06 07:55:03+00:00,1367057427787579398,
803,1566968941280661505,2022-09-06 01:58:03+00:00,770757266,GLASS-z13
804,1566890363922653192,2022-09-05 20:45:48+00:00,884864790581194752,"Port Harcourt, Nigeria"
805,1566889989627158530,2022-09-05 20:44:19+00:00,30438695,Qatar
806,1566788588121063430,2022-09-05 14:01:23+00:00,4102013897,"Arkham, MA"
807,1566721311195467777,2022-09-05 09:34:03+00:00,20454609,Norfolk
808,1566713927765032962,2022-09-05 09:04:43+00:00,1313876962717433856,
809,1566710532002004992,2022-09-05 08:51:13+00:00,20454609,Norfolk
810,1566707108900388865,2022-09-05 08:37:37+00:00,1131660656242040832,Republic of Wales 
811,1566676449418960897,2022-09-05 06:35:47+00:00,20454609,Norfolk
812,1566673393490862081,2022-09-05 06:23:39+00:00,1161973934348095488,
813,1566616250347921409,2022-09-05 02:36:35+00:00,1236394460323500033,lurking in many places
814,1566574307668533250,2022-09-04 23:49:55+00:00,1274385281030991873,
815,1566523266730041344,2022-09-04 20:27:06+00:00,1158482018662936576,Corruptofornia. 
816,1566477539320668164,2022-09-04 17:25:23+00:00,1113897277238726657,
817,1566470572753752066,2022-09-04 16:57:42+00:00,799840938587783168,Northern Nigeria
818,1566460473998016512,2022-09-04 16:17:35+00:00,1050145740,"Milan, Italy"
819,1566395867686379522,2022-09-04 12:00:51+00:00,1728408043,"Birmingham, UK"
820,1566352771925803009,2022-09-04 09:09:36+00:00,1505827338101088257,nop
821,1566348729493639170,2022-09-04 08:53:33+00:00,3181242972,"Melbourne, Australia"
822,1566315064126226434,2022-09-04 06:39:46+00:00,1527709600640020480,"Uganda, Kampala. Kanyanya-"
823,1566209735698907137,2022-09-03 23:41:14+00:00,849792713906151424,"Las Vegas, NV"
824,1566084082525618176,2022-09-03 15:21:56+00:00,1161973934348095488,
825,1566041709343031308,2022-09-03 12:33:33+00:00,21410687,Cambridge UK
826,1565917272799334401,2022-09-03 04:19:05+00:00,22166737,R3Y1X4
827,1565886440545947649,2022-09-03 02:16:34+00:00,344147133,"Puerto Vallarta, Mexico"
828,1565543277331349504,2022-09-02 03:32:58+00:00,567427617,"Athens, Greece"
829,1565447829522227200,2022-09-01 21:13:41+00:00,736177986643189761,"Phoenix, AZ"
830,1565380291421773825,2022-09-01 16:45:19+00:00,150246405,Ireland
831,1565365383439212544,2022-09-01 15:46:05+00:00,1357440383156957187,"Ontario, Canada"
832,1565365371615514624,2022-09-01 15:46:02+00:00,1357440383156957187,"Ontario, Canada"
833,1565365367211433984,2022-09-01 15:46:01+00:00,1357440383156957187,"Ontario, Canada"
834,1565325718304837632,2022-09-01 13:08:28+00:00,1351642303497007104,
835,1565318965290835970,2022-09-01 12:41:38+00:00,753870931446169600,Ukraine
836,1565250067388370945,2022-09-01 08:07:51+00:00,76941017,United Kingdom
837,1565239967823106049,2022-09-01 07:27:43+00:00,1523727427515686913,"Plot 16A-C,Martyrs Way, Ntinda"
838,1565203154404360193,2022-09-01 05:01:26+00:00,4102013897,"Arkham, MA"
839,1565193763978452993,2022-09-01 04:24:07+00:00,769715892,"London, England"
840,1565160954815463424,2022-09-01 02:13:45+00:00,344147133,"Puerto Vallarta, Mexico"
841,1565145164523479041,2022-09-01 01:11:00+00:00,1322466552,"Kwara state, Abuja"
842,1565144801095434240,2022-09-01 01:09:34+00:00,1454217724066942989,Somewhere under the rainbow üé∂
843,1565079281859866624,2022-08-31 20:49:13+00:00,29816986,"Maricopa County, Ariz."
844,1565032690348277762,2022-08-31 17:44:04+00:00,1359363872558227459,"Redlands, California"
845,1564980341240127490,2022-08-31 14:16:03+00:00,304461349,"Dublin, Ireland"
846,1564936304323960832,2022-08-31 11:21:04+00:00,1402085469765132289,"Here, there and everywhere"
847,1564917436159504386,2022-08-31 10:06:06+00:00,535527833,"Vancouver, British Columbia"
848,1564876534162157568,2022-08-31 07:23:34+00:00,1359363872558227459,"Redlands, California"
849,1564840768950439936,2022-08-31 05:01:27+00:00,4102013897,"Arkham, MA"
850,1564756748870770697,2022-08-30 23:27:35+00:00,1518719135089369089,
851,1564747481405079553,2022-08-30 22:50:45+00:00,1282330097177985029,"Peaceful hills, Upper East TN"
852,1564651534352359424,2022-08-30 16:29:30+00:00,750897428321148928,"New Mexico, USA"
853,1564634781089992704,2022-08-30 15:22:55+00:00,3588058575,"Edinburgh, Scotland"
854,1564537054540734464,2022-08-30 08:54:36+00:00,3096504748,"Nairobi,Kenya"
855,1564517172935802880,2022-08-30 07:35:36+00:00,1086982462851502081,United Kingdom
856,1564512918288343040,2022-08-30 07:18:41+00:00,973840117,"Abuja, Nigeria"
857,1564512845504585728,2022-08-30 07:18:24+00:00,634638711,"Geneva, Switzerland"
858,1564487081061224449,2022-08-30 05:36:01+00:00,884864790581194752,"Port Harcourt, Nigeria"
859,1564449159205224448,2022-08-30 03:05:20+00:00,1564447893423005698,
860,1564440048543604737,2022-08-30 02:29:08+00:00,219510054,Kaurna Country South Australia
861,1564411334090973184,2022-08-30 00:35:02+00:00,219510054,Kaurna Country South Australia
862,1564402520516173826,2022-08-30 00:00:00+00:00,31073523,"Sri Pentas, Bandar Utama"
863,1564402362650832896,2022-08-29 23:59:23+00:00,3794682452,"Manila, Philippines"
864,1564334446005854208,2022-08-29 19:29:30+00:00,1072843254218014720,"Arlington, VA"
865,1564307360977412099,2022-08-29 17:41:52+00:00,1359398870199992320,"Durham, NC"
866,1564295002213289985,2022-08-29 16:52:46+00:00,56914638,"Buenos Aires, Argentina"
867,1564262336445169665,2022-08-29 14:42:58+00:00,1266998572110827520,
868,1564256018141532160,2022-08-29 14:17:51+00:00,487727825,Atlanta
869,1564221253359206402,2022-08-29 11:59:43+00:00,487727825,Atlanta
870,1564188377095749632,2022-08-29 09:49:04+00:00,1252580821,"Zagorje ob Savi, Slovenia, EU"
871,1564183413938069504,2022-08-29 09:29:21+00:00,3191880491,"Dublin, Ireland"
872,1564147313198698496,2022-08-29 07:05:54+00:00,1549684186063192066,
873,1564084156929556480,2022-08-29 02:54:56+00:00,1144428755051401216,Planet Earth
874,1564077879192961024,2022-08-29 02:30:00+00:00,1436367811492859904,
875,1564009654560010240,2022-08-28 21:58:54+00:00,1201620391342428160,
876,1563956328271429633,2022-08-28 18:27:00+00:00,108689047,"Windsor, Ontario, Canada"
877,1563947349642285056,2022-08-28 17:51:19+00:00,355712926,Dublin Ireland
878,1563934317172211714,2022-08-28 16:59:32+00:00,1382420596223512576,Kingdom of Saudi Arabia
879,1563919995205197826,2022-08-28 16:02:37+00:00,132031621,EARTH
880,1563900613749985280,2022-08-28 14:45:36+00:00,1184923053173567488,
881,1563896824473190400,2022-08-28 14:30:33+00:00,1518653475554529280,
882,1563893202050056194,2022-08-28 14:16:09+00:00,14049136,"Dublin, Ireland"
883,1563889139736408065,2022-08-28 14:00:01+00:00,397912882,"London, UK"
884,1563882785424695296,2022-08-28 13:34:46+00:00,444485975,Jutish diaspora
885,1563875790814691328,2022-08-28 13:06:58+00:00,1268809966619680768,"Warsaw, Poland"
886,1563867546553573376,2022-08-28 12:34:13+00:00,18600442,Europe/Switzerland
887,1563861645323034629,2022-08-28 12:10:46+00:00,3034943843,Suiza
888,1563856420264558597,2022-08-28 11:50:00+00:00,25979455,Kenya
889,1563814928359866368,2022-08-28 09:05:07+00:00,794051021861482496,"London, England"
890,1563804240983822336,2022-08-28 08:22:39+00:00,50604447,"Geneva, Switzerland"
891,1563802463110561793,2022-08-28 08:15:35+00:00,14499829,"Geneva, Switzerland"
892,1563794074288951296,2022-08-28 07:42:15+00:00,1123607950222819332,
893,1563786376490807296,2022-08-28 07:11:40+00:00,2341433004,"Melbourne, Victoria"
894,1563784362876817408,2022-08-28 07:03:40+00:00,1237439564651704320,"Bagh E Mehtab, Jammu And Kashm"
895,1563693885469216773,2022-08-28 01:04:08+00:00,1389720568342188034,Italy
896,1563687358729527299,2022-08-28 00:38:12+00:00,344147133,"Puerto Vallarta, Mexico"
897,1563611097340514305,2022-08-27 19:35:10+00:00,322115382,"New York, USA"
898,1563586658150141952,2022-08-27 17:58:03+00:00,1518679389789163522,
899,1563559053724229633,2022-08-27 16:08:22+00:00,37034483,India
900,1563538304792133632,2022-08-27 14:45:55+00:00,17084854,NYC
901,1563511672328753152,2022-08-27 13:00:05+00:00,991664922378424320,"ATLANTA, GA, United States "
902,1563499479524712448,2022-08-27 12:11:38+00:00,2359633627,
903,1563496923314933760,2022-08-27 12:01:29+00:00,4102013897,"Arkham, MA"
904,1563437456610865152,2022-08-27 08:05:11+00:00,1274808562200412160,India
905,1563434903454490624,2022-08-27 07:55:02+00:00,21998269,"Tokyo, Japan"
906,1563420428176986112,2022-08-27 06:57:31+00:00,1268782274629324800,"New Delhi, India"
907,1563419833487699969,2022-08-27 06:55:09+00:00,222036996,new delhi
908,1563417462921580545,2022-08-27 06:45:44+00:00,222036996,new delhi
909,1563409791078526977,2022-08-27 06:15:15+00:00,54516759,cyberspace
910,1563368547241566210,2022-08-27 03:31:22+00:00,1055131662382583810,üåéüåèüåç
911,1563363443348226052,2022-08-27 03:11:05+00:00,15193667,Êñ∞ÊΩüÁúå‰ΩêÊ∏°Â∏Ç
912,1563358919363162114,2022-08-27 02:53:06+00:00,1501109947827998723,"Sialkot, Pakistan"
913,1563310556731547650,2022-08-26 23:40:56+00:00,50171176,"Jacksonville, Florida"
914,1563299595639091200,2022-08-26 22:57:22+00:00,1506960935512342535,
915,1563277846893670400,2022-08-26 21:30:57+00:00,1545377897912885248,
916,1563251285058433025,2022-08-26 19:45:24+00:00,86011954,
917,1563250906652897280,2022-08-26 19:43:54+00:00,962766547575037952,Rabat-Sal√©-Zemmour-Zaer
918,1563249913827188736,2022-08-26 19:39:57+00:00,1548976388237135872,
919,1563232391648292864,2022-08-26 18:30:20+00:00,1523544560332324868,
920,1563223816192397314,2022-08-26 17:56:15+00:00,1072843254218014720,"Arlington, VA"
921,1563211062039564288,2022-08-26 17:05:34+00:00,1427997419074031618,
922,1563205752105230336,2022-08-26 16:44:28+00:00,1719674052,"Jacksonville, N.C. "
923,1563201958789664775,2022-08-26 16:29:24+00:00,56914638,"Buenos Aires, Argentina"
924,1563200024938676226,2022-08-26 16:21:43+00:00,1870880994,United Kingdom
925,1563198976152592385,2022-08-26 16:17:33+00:00,952678927327252481,"London, Englandüá¨üáßüá¨üáß"
926,1563196127729422337,2022-08-26 16:06:14+00:00,2843833565,
927,1563193731272294401,2022-08-26 15:56:42+00:00,34781844,Fingerlakes Region of NY
928,1563193673600233475,2022-08-26 15:56:29+00:00,50116445,
929,1563172770925531136,2022-08-26 14:33:25+00:00,3246541758,"New Delhi, India"
930,1563163017529147392,2022-08-26 13:54:40+00:00,1334784108409589765,"Stockholm, Sverige"
931,1563160826076606465,2022-08-26 13:45:57+00:00,1106609504693567488,"Hiroshima, Japan (Â∫ÉÂ≥∂, Êó•Êú¨)"
932,1563157544985436160,2022-08-26 13:32:55+00:00,3122980361,"Toronto, Ontario"
933,1563150525201125382,2022-08-26 13:05:01+00:00,4307466256,"Texas, USA"
934,1563127266657181696,2022-08-26 11:32:36+00:00,222036996,new delhi
935,1563123124534902785,2022-08-26 11:16:08+00:00,54516759,cyberspace
936,1563112802445049856,2022-08-26 10:35:07+00:00,1039334119,Trimdon Station
937,1563097705110315008,2022-08-26 09:35:08+00:00,181910370,"London, England"
938,1563089871157075968,2022-08-26 09:04:00+00:00,125403342,Copenhagen
939,1563074138771955712,2022-08-26 08:01:29+00:00,4102013897,"Arkham, MA"
940,1563065247136911361,2022-08-26 07:26:09+00:00,159497169,Quandamooka country
941,1563060022954692609,2022-08-26 07:05:24+00:00,397912882,"London, UK"
942,1563060016370053125,2022-08-26 07:05:22+00:00,397912882,"London, UK"
943,1563043941569552384,2022-08-26 06:01:30+00:00,4102013897,"Arkham, MA"
944,1562962120731676675,2022-08-26 00:36:22+00:00,344147133,"Puerto Vallarta, Mexico"
945,1562910595275722752,2022-08-25 21:11:38+00:00,34967252,
946,1562909284685336577,2022-08-25 21:06:25+00:00,100573645,London
947,1562900370656858112,2022-08-25 20:31:00+00:00,153287840,Sydney Australia
948,1562894195832291328,2022-08-25 20:06:28+00:00,929527040587464705,
949,1562818200240537600,2022-08-25 15:04:29+00:00,320745703,Sierra Leone
950,1562814691885268994,2022-08-25 14:50:32+00:00,388774547,
951,1562803749714010117,2022-08-25 14:07:04+00:00,785438834,"Boston, MA"
952,1562802959356149760,2022-08-25 14:03:55+00:00,544389588,"Brazzaville, Congo"
953,1562749124868456448,2022-08-25 10:30:00+00:00,3343059597,
954,1562719176581517313,2022-08-25 08:31:00+00:00,153287840,Sydney Australia
955,1562663141346910208,2022-08-25 04:48:20+00:00,1523727427515686913,"Plot 16A-C,Martyrs Way, Ntinda"
956,1562572731010654210,2022-08-24 22:49:04+00:00,1436964706821066756,
957,1562567453867003908,2022-08-24 22:28:06+00:00,751937074547351553,"Ontario, Canada"
958,1562560390005137409,2022-08-24 22:00:02+00:00,1276222205110693888,"Aurora, IL"
959,1562526629167271944,2022-08-24 19:45:53+00:00,250304043,
960,1562521303810473985,2022-08-24 19:24:43+00:00,2539945646,"Kalisz, Polska"
961,1562521300736049154,2022-08-24 19:24:42+00:00,2539945646,"Kalisz, Polska"
962,1562510174853959682,2022-08-24 18:40:30+00:00,250304043,
963,1562467435693101057,2022-08-24 15:50:40+00:00,1494278602883489792,Barcelona
964,1562332908890644480,2022-08-24 06:56:06+00:00,1519426292294238211,Madrid
965,1562332171833970688,2022-08-24 06:53:11+00:00,2202568542,"Kolkata, India"
966,1562311489968607232,2022-08-24 05:31:00+00:00,153287840,Sydney Australia
967,1562259599612252160,2022-08-24 02:04:48+00:00,15853334,Our lovely D*seret
968,1562238463814299651,2022-08-24 00:40:49+00:00,479779850,"Illinois, USA"
969,1562233439746949120,2022-08-24 00:20:51+00:00,153992500,
970,1562228409064755200,2022-08-24 00:00:52+00:00,2717845313,
971,1562223363577114624,2022-08-23 23:40:49+00:00,1379927624,"Ocala, FL"
972,1562218334661517312,2022-08-23 23:20:50+00:00,15140749,"Washington, DC"
973,1562213319804854272,2022-08-23 23:00:54+00:00,1684205532,"Bentonville, AR"
974,1562208295628460032,2022-08-23 22:40:56+00:00,137891681,"Salt Lake City, UT"
975,1562203268750909441,2022-08-23 22:20:58+00:00,707613422,
976,1562154219783815169,2022-08-23 19:06:04+00:00,1248310830338314240,"Nairobi, Kenya"
977,1562120480475291648,2022-08-23 16:51:59+00:00,1012396774751907841,Here
978,1562097334309343233,2022-08-23 15:20:01+00:00,1282636788,Nigeria
979,1562094776916361216,2022-08-23 15:09:51+00:00,28157283,Kansas City
980,1562062077157597185,2022-08-23 12:59:55+00:00,1359056088419696641,
981,1562030356605411329,2022-08-23 10:53:52+00:00,184473010,
982,1562024348738797568,2022-08-23 10:30:00+00:00,3343059597,
983,1561982616311668736,2022-08-23 07:44:10+00:00,4160274844,"Lisbon, Portugal"
984,1561903803670093824,2022-08-23 02:31:00+00:00,153287840,Sydney Australia
985,1561894929474809857,2022-08-23 01:55:44+00:00,1501146729428647942,
986,1561854427933605888,2022-08-22 23:14:48+00:00,2670799357,"Sydney, Australia"
987,1561807433915371521,2022-08-22 20:08:03+00:00,3234608616,Biratnagar Nepal
988,1561782363029270528,2022-08-22 18:28:26+00:00,1241008053350281216,@SciBeh@mastodon.online
989,1561743985655308295,2022-08-22 15:55:56+00:00,1494742645272367108,
990,1561734080638713860,2022-08-22 15:16:35+00:00,1956282006,
991,1561731025264209920,2022-08-22 15:04:26+00:00,1494084726432231426,
992,1561715357307604994,2022-08-22 14:02:11+00:00,1376331306565521409,
993,1561677311489052673,2022-08-22 11:31:00+00:00,153287840,Sydney Australia
994,1561652768590397440,2022-08-22 09:53:28+00:00,1156721496,Kent-orpington  and maidstone
995,1561628925498884098,2022-08-22 08:18:44+00:00,1077766340,Bordeaux
996,1561624031152963584,2022-08-22 07:59:17+00:00,1020371720212025344,
997,1561518899832700931,2022-08-22 01:01:31+00:00,4102013897,"Arkham, MA"
998,1561516451957194753,2022-08-22 00:51:48+00:00,344147133,"Puerto Vallarta, Mexico"
999,1561495867537989633,2022-08-21 23:30:00+00:00,153287840,Sydney Australia
